title,url,snippet
Download The Official NVIDIA Drivers | NVIDIA,https://www.nvidia.com/en-us/drivers/,Download the latest official NVIDIA drivers to enhance your PC gaming experience and run apps faster.
Official GeForce Drivers | NVIDIA,https://www.nvidia.com/en-us/geforce/drivers/,"Nov 12, 2019 · Whether you are playing the hottest new games or working with the latest creative applications, NVIDIA drivers are custom tailored to provide the best possible experience."
World Leader in Artificial Intelligence Computing | NVIDIA,https://www.nvidia.com/en-us/,"NVIDIA GeForce RTX™ powers the world’s fastest GPUs and the ultimate platform for gamers and creators. Enjoy beautiful ray tracing, AI-powered DLSS, and much more in games and …"
Download NVIDIA App for Gamers and Creators | NVIDIA,https://www.nvidia.com/en-us/software/nvidia-app/,"The NVIDIA App is the essential companion for PC gamers and creators. Keep your PC up to date with the latest NVIDIA drivers and technology. Optimize games and applications with a new unified GPU control center, capture your favorite moments with powerful recording tools through the in-game overlay, and discover the latest NVIDIA tools and ..."
Nvidia - Wikipedia,https://en.wikipedia.org/wiki/Nvidia,"Nvidia Corporation[a] (/ ɛnˈvɪdiə / en-VID-ee-ə) is an American multinational corporation and technology company headquartered in Santa Clara, California, and incorporated in Delaware. [5]"
"NVIDIA GeForce Graphics Cards, Gaming Laptops, Desktop and …",https://marketplace.nvidia.com/en-ca/consumer/graphics-cards/,"Show NVIDIA GeForce graphics cards, gaming laptops, desktop and monitor from the official NVIDIA GeForce store - Canada. Know more about GeForce RTX 40 series GPUs."
NVIDIA Announces DGX Spark and DGX Station Personal AI …,https://nvidianews.nvidia.com/news/nvidia-announces-dgx-spark-and-dgx-station-personal-ai-computers,"Mar 18, 2025 · DGX Spark — formerly Project DIGITS — and DGX Station™, a new high-performance NVIDIA Grace Blackwell desktop supercomputer powered by the NVIDIA Blackwell Ultra platform, enable AI developers, researchers, data scientists and students to prototype, fine-tune and inference large models on desktops."
"NVIDIA App Update Adds Project G-Assist, DLSS Super Resolution …",https://www.nvidia.com/en-us/geforce/news/nvidia-app-update-g-assist-new-dlss-override-and-more/,"2 days ago · In a new NVIDIA app update that’s available now, we’ve expanded the functionality of our DLSS overrides, enabling you to fine tune image quality or boost performance for DLSS Super Resolution."
NVIDIA Blackwell GeForce RTX 50 Series Opens New ... - NVIDIA …,https://nvidianews.nvidia.com/news/nvidia-blackwell-geforce-rtx-50-series-opens-new-world-of-ai-computer-graphics,"Jan 6, 2025 · NVIDIA today unveiled the most advanced consumer GPUs for gamers, creators and developers — the GeForce RTX™ 50 Series Desktop and Laptop GPUs."
NVIDIA Delivers Quantum Leap in Performance ... - NVIDIA …,https://nvidianews.nvidia.com/news/nvidia-delivers-quantum-leap-in-performance-introduces-new-era-of-neural-rendering-with-geforce-rtx-40-series,"Sep 20, 2022 · NVIDIA today unveiled the GeForce RTX ® 40 Series of GPUs, designed to deliver revolutionary performance for gamers and creators, led by its new flagship, the RTX 4090 GPU, with up to 4x the performance of its predecessor."
Download The Official NVIDIA Drivers | NVIDIA,https://www.nvidia.com/en-us/drivers/,Download the latest official NVIDIA drivers to enhance your PC gaming experience and run apps faster.
Official GeForce Drivers | NVIDIA,https://www.nvidia.com/en-us/geforce/drivers/,"Nov 12, 2019 · Whether you are playing the hottest new games or working with the latest creative applications, NVIDIA drivers are custom tailored to provide the best possible experience."
World Leader in Artificial Intelligence Computing | NVIDIA,https://www.nvidia.com/en-us/,"NVIDIA GeForce RTX™ powers the world’s fastest GPUs and the ultimate platform for gamers and creators. Enjoy beautiful ray tracing, AI-powered DLSS, and much more in games and …"
Download NVIDIA App for Gamers and Creators | NVIDIA,https://www.nvidia.com/en-us/software/nvidia-app/,"The NVIDIA App is the essential companion for PC gamers and creators. Keep your PC up to date with the latest NVIDIA drivers and technology. Optimize games and applications with a new unified GPU control center, capture your favorite moments with powerful recording tools through the in-game overlay, and discover the latest NVIDIA tools and ..."
Nvidia - Wikipedia,https://en.wikipedia.org/wiki/Nvidia,"Nvidia Corporation[a] (/ ɛnˈvɪdiə / en-VID-ee-ə) is an American multinational corporation and technology company headquartered in Santa Clara, California, and incorporated in Delaware. [5]"
"NVIDIA GeForce Graphics Cards, Gaming Laptops, Desktop and …",https://marketplace.nvidia.com/en-ca/consumer/graphics-cards/,"Show NVIDIA GeForce graphics cards, gaming laptops, desktop and monitor from the official NVIDIA GeForce store - Canada. Know more about GeForce RTX 40 series GPUs."
NVIDIA Announces DGX Spark and DGX Station Personal AI …,https://nvidianews.nvidia.com/news/nvidia-announces-dgx-spark-and-dgx-station-personal-ai-computers,"Mar 18, 2025 · DGX Spark — formerly Project DIGITS — and DGX Station™, a new high-performance NVIDIA Grace Blackwell desktop supercomputer powered by the NVIDIA Blackwell Ultra platform, enable AI developers, researchers, data scientists and students to prototype, fine-tune and inference large models on desktops."
"NVIDIA App Update Adds Project G-Assist, DLSS Super Resolution …",https://www.nvidia.com/en-us/geforce/news/nvidia-app-update-g-assist-new-dlss-override-and-more/,"2 days ago · In a new NVIDIA app update that’s available now, we’ve expanded the functionality of our DLSS overrides, enabling you to fine tune image quality or boost performance for DLSS Super Resolution."
NVIDIA Blackwell GeForce RTX 50 Series Opens New ... - NVIDIA …,https://nvidianews.nvidia.com/news/nvidia-blackwell-geforce-rtx-50-series-opens-new-world-of-ai-computer-graphics,"Jan 6, 2025 · NVIDIA today unveiled the most advanced consumer GPUs for gamers, creators and developers — the GeForce RTX™ 50 Series Desktop and Laptop GPUs."
NVIDIA Delivers Quantum Leap in Performance ... - NVIDIA …,https://nvidianews.nvidia.com/news/nvidia-delivers-quantum-leap-in-performance-introduces-new-era-of-neural-rendering-with-geforce-rtx-40-series,"Sep 20, 2022 · NVIDIA today unveiled the GeForce RTX ® 40 Series of GPUs, designed to deliver revolutionary performance for gamers and creators, led by its new flagship, the RTX 4090 GPU, with up to 4x the performance of its predecessor."
Download The Official NVIDIA Drivers | NVIDIA,https://www.nvidia.com/en-us/drivers/,Download the latest official NVIDIA drivers to enhance your PC gaming experience and run apps faster.
Official GeForce Drivers | NVIDIA,https://www.nvidia.com/en-us/geforce/drivers/,"Nov 12, 2019 · Whether you are playing the hottest new games or working with the latest creative applications, NVIDIA drivers are custom tailored to provide the best possible experience."
World Leader in Artificial Intelligence Computing | NVIDIA,https://www.nvidia.com/en-us/,"NVIDIA GeForce RTX™ powers the world’s fastest GPUs and the ultimate platform for gamers and creators. Enjoy beautiful ray tracing, AI-powered DLSS, and much more in games and …"
Download NVIDIA App for Gamers and Creators | NVIDIA,https://www.nvidia.com/en-us/software/nvidia-app/,The NVIDIA App is the essential companion for PC gamers and creators. Keep your PC up to date with the latest NVIDIA drivers and technology. Optimize games and applications with a …
Nvidia - Wikipedia,https://en.wikipedia.org/wiki/Nvidia,"Nvidia Corporation[a] (/ ɛnˈvɪdiə / en-VID-ee-ə) is an American multinational corporation and technology company headquartered in Santa Clara, California, and incorporated in Delaware. [5]"
"NVIDIA GeForce Graphics Cards, Gaming Laptops, Desktop and …",https://marketplace.nvidia.com/en-ca/consumer/graphics-cards/,"Show NVIDIA GeForce graphics cards, gaming laptops, desktop and monitor from the official NVIDIA GeForce store - Canada. Know more about GeForce RTX 40 series GPUs."
NVIDIA Announces DGX Spark and DGX Station Personal AI …,https://nvidianews.nvidia.com/news/nvidia-announces-dgx-spark-and-dgx-station-personal-ai-computers,"Mar 18, 2025 · DGX Spark — formerly Project DIGITS — and DGX Station™, a new high-performance NVIDIA Grace Blackwell desktop supercomputer powered by the NVIDIA …"
"NVIDIA App Update Adds Project G-Assist, DLSS Super Resolution …",https://www.nvidia.com/en-us/geforce/news/nvidia-app-update-g-assist-new-dlss-override-and-more/,"2 days ago · In a new NVIDIA app update that’s available now, we’ve expanded the functionality of our DLSS overrides, enabling you to fine tune image quality or boost performance for DLSS …"
NVIDIA Blackwell GeForce RTX 50 Series Opens New ... - NVIDIA …,https://nvidianews.nvidia.com/news/nvidia-blackwell-geforce-rtx-50-series-opens-new-world-of-ai-computer-graphics,"Jan 6, 2025 · NVIDIA today unveiled the most advanced consumer GPUs for gamers, creators and developers — the GeForce RTX™ 50 Series Desktop and Laptop GPUs."
NVIDIA Delivers Quantum Leap in Performance ... - NVIDIA …,https://nvidianews.nvidia.com/news/nvidia-delivers-quantum-leap-in-performance-introduces-new-era-of-neural-rendering-with-geforce-rtx-40-series,"Sep 20, 2022 · NVIDIA today unveiled the GeForce RTX ® 40 Series of GPUs, designed to deliver revolutionary performance for gamers and creators, led by its new flagship, the RTX …"
Download The Official NVIDIA Drivers | NVIDIA,https://www.nvidia.com/en-us/drivers/,Download the latest official NVIDIA drivers to enhance your PC gaming experience and run apps faster.
Official GeForce Drivers | NVIDIA,https://www.nvidia.com/en-us/geforce/drivers/,"Nov 12, 2019 · Whether you are playing the hottest new games or working with the latest creative applications, NVIDIA drivers are custom tailored to provide the best possible experience."
World Leader in Artificial Intelligence Computing | NVIDIA,https://www.nvidia.com/en-us/,"NVIDIA GeForce RTX™ powers the world’s fastest GPUs and the ultimate platform for gamers and creators. Enjoy beautiful ray tracing, AI-powered DLSS, and much more in games and …"
Download NVIDIA App for Gamers and Creators | NVIDIA,https://www.nvidia.com/en-us/software/nvidia-app/,The NVIDIA App is the essential companion for PC gamers and creators. Keep your PC up to date with the latest NVIDIA drivers and technology. Optimize games and applications with a …
Nvidia - Wikipedia,https://en.wikipedia.org/wiki/Nvidia,"Nvidia Corporation[a] (/ ɛnˈvɪdiə / en-VID-ee-ə) is an American multinational corporation and technology company headquartered in Santa Clara, California, and incorporated in Delaware. [5]"
"NVIDIA GeForce Graphics Cards, Gaming Laptops, Desktop and …",https://marketplace.nvidia.com/en-ca/consumer/graphics-cards/,"Show NVIDIA GeForce graphics cards, gaming laptops, desktop and monitor from the official NVIDIA GeForce store - Canada. Know more about GeForce RTX 40 series GPUs."
NVIDIA Announces DGX Spark and DGX Station Personal AI …,https://nvidianews.nvidia.com/news/nvidia-announces-dgx-spark-and-dgx-station-personal-ai-computers,"Mar 18, 2025 · DGX Spark — formerly Project DIGITS — and DGX Station™, a new high-performance NVIDIA Grace Blackwell desktop supercomputer powered by the NVIDIA …"
"NVIDIA App Update Adds Project G-Assist, DLSS Super Resolution …",https://www.nvidia.com/en-us/geforce/news/nvidia-app-update-g-assist-new-dlss-override-and-more/,"2 days ago · In a new NVIDIA app update that’s available now, we’ve expanded the functionality of our DLSS overrides, enabling you to fine tune image quality or boost performance for DLSS …"
NVIDIA Blackwell GeForce RTX 50 Series Opens New ... - NVIDIA …,https://nvidianews.nvidia.com/news/nvidia-blackwell-geforce-rtx-50-series-opens-new-world-of-ai-computer-graphics,"Jan 6, 2025 · NVIDIA today unveiled the most advanced consumer GPUs for gamers, creators and developers — the GeForce RTX™ 50 Series Desktop and Laptop GPUs."
NVIDIA Delivers Quantum Leap in Performance ... - NVIDIA …,https://nvidianews.nvidia.com/news/nvidia-delivers-quantum-leap-in-performance-introduces-new-era-of-neural-rendering-with-geforce-rtx-40-series,"Sep 20, 2022 · NVIDIA today unveiled the GeForce RTX ® 40 Series of GPUs, designed to deliver revolutionary performance for gamers and creators, led by its new flagship, the RTX …"
Download The Official NVIDIA Drivers | NVIDIA,https://www.nvidia.com/en-us/drivers/,Download the latest official NVIDIA drivers to enhance your PC gaming experience and run apps faster.
Official GeForce Drivers | NVIDIA,https://www.nvidia.com/en-us/geforce/drivers/,"Nov 12, 2019 · Whether you are playing the hottest new games or working with the latest creative applications, NVIDIA drivers are custom tailored to provide the best possible experience."
World Leader in Artificial Intelligence Computing | NVIDIA,https://www.nvidia.com/en-us/,"NVIDIA GeForce RTX™ powers the world’s fastest GPUs and the ultimate platform for gamers and creators. Enjoy beautiful ray tracing, AI-powered DLSS, and much more in games and …"
Download NVIDIA App for Gamers and Creators | NVIDIA,https://www.nvidia.com/en-us/software/nvidia-app/,"The NVIDIA App is the essential companion for PC gamers and creators. Keep your PC up to date with the latest NVIDIA drivers and technology. Optimize games and applications with a new unified GPU control center, capture your favorite moments with powerful recording tools through the in-game overlay, and discover the latest NVIDIA tools and ..."
Nvidia - Wikipedia,https://en.wikipedia.org/wiki/Nvidia,"Nvidia Corporation[a] (/ ɛnˈvɪdiə / en-VID-ee-ə) is an American multinational corporation and technology company headquartered in Santa Clara, California, and incorporated in Delaware. [5]"
"NVIDIA GeForce Graphics Cards, Gaming Laptops, Desktop and …",https://marketplace.nvidia.com/en-ca/consumer/graphics-cards/,"Show NVIDIA GeForce graphics cards, gaming laptops, desktop and monitor from the official NVIDIA GeForce store - Canada. Know more about GeForce RTX 40 series GPUs."
NVIDIA Announces DGX Spark and DGX Station Personal AI …,https://nvidianews.nvidia.com/news/nvidia-announces-dgx-spark-and-dgx-station-personal-ai-computers,"Mar 18, 2025 · DGX Spark — formerly Project DIGITS — and DGX Station™, a new high-performance NVIDIA Grace Blackwell desktop supercomputer powered by the NVIDIA Blackwell Ultra platform, enable AI developers, researchers, data scientists and students to prototype, fine-tune and inference large models on desktops."
"NVIDIA App Update Adds Project G-Assist, DLSS Super Resolution …",https://www.nvidia.com/en-us/geforce/news/nvidia-app-update-g-assist-new-dlss-override-and-more/,"2 days ago · In a new NVIDIA app update that’s available now, we’ve expanded the functionality of our DLSS overrides, enabling you to fine tune image quality or boost performance for DLSS Super Resolution."
NVIDIA Blackwell GeForce RTX 50 Series Opens New ... - NVIDIA …,https://nvidianews.nvidia.com/news/nvidia-blackwell-geforce-rtx-50-series-opens-new-world-of-ai-computer-graphics,"Jan 6, 2025 · NVIDIA today unveiled the most advanced consumer GPUs for gamers, creators and developers — the GeForce RTX™ 50 Series Desktop and Laptop GPUs."
NVIDIA Delivers Quantum Leap in Performance ... - NVIDIA …,https://nvidianews.nvidia.com/news/nvidia-delivers-quantum-leap-in-performance-introduces-new-era-of-neural-rendering-with-geforce-rtx-40-series,"Sep 20, 2022 · NVIDIA today unveiled the GeForce RTX ® 40 Series of GPUs, designed to deliver revolutionary performance for gamers and creators, led by its new flagship, the RTX 4090 GPU, with up to 4x the performance of its predecessor."
Download The Official NVIDIA Drivers | NVIDIA,https://www.nvidia.com/en-us/drivers/,Download the latest official NVIDIA drivers to enhance your PC gaming experience and run apps faster.
Official GeForce Drivers | NVIDIA,https://www.nvidia.com/en-us/geforce/drivers/,"Nov 12, 2019 · Whether you are playing the hottest new games or working with the latest creative applications, NVIDIA drivers are custom tailored to provide the best possible experience."
World Leader in Artificial Intelligence Computing | NVIDIA,https://www.nvidia.com/en-us/,"NVIDIA GeForce RTX™ powers the world’s fastest GPUs and the ultimate platform for gamers and creators. Enjoy beautiful ray tracing, AI-powered DLSS, and much more in games and …"
Download NVIDIA App for Gamers and Creators | NVIDIA,https://www.nvidia.com/en-us/software/nvidia-app/,The NVIDIA App is the essential companion for PC gamers and creators. Keep your PC up to date with the latest NVIDIA drivers and technology. Optimize games and applications with a …
Nvidia - Wikipedia,https://en.wikipedia.org/wiki/Nvidia,"Nvidia Corporation[a] (/ ɛnˈvɪdiə / en-VID-ee-ə) is an American multinational corporation and technology company headquartered in Santa Clara, California, and incorporated in Delaware. [5]"
"NVIDIA GeForce Graphics Cards, Gaming Laptops, Desktop and …",https://marketplace.nvidia.com/en-ca/consumer/graphics-cards/,"Show NVIDIA GeForce graphics cards, gaming laptops, desktop and monitor from the official NVIDIA GeForce store - Canada. Know more about GeForce RTX 40 series GPUs."
NVIDIA Announces DGX Spark and DGX Station Personal AI …,https://nvidianews.nvidia.com/news/nvidia-announces-dgx-spark-and-dgx-station-personal-ai-computers,"Mar 18, 2025 · DGX Spark — formerly Project DIGITS — and DGX Station™, a new high-performance NVIDIA Grace Blackwell desktop supercomputer powered by the NVIDIA …"
"NVIDIA App Update Adds Project G-Assist, DLSS Super Resolution …",https://www.nvidia.com/en-us/geforce/news/nvidia-app-update-g-assist-new-dlss-override-and-more/,"2 days ago · In a new NVIDIA app update that’s available now, we’ve expanded the functionality of our DLSS overrides, enabling you to fine tune image quality or boost performance for DLSS …"
NVIDIA Blackwell GeForce RTX 50 Series Opens New ... - NVIDIA …,https://nvidianews.nvidia.com/news/nvidia-blackwell-geforce-rtx-50-series-opens-new-world-of-ai-computer-graphics,"Jan 6, 2025 · NVIDIA today unveiled the most advanced consumer GPUs for gamers, creators and developers — the GeForce RTX™ 50 Series Desktop and Laptop GPUs."
NVIDIA Delivers Quantum Leap in Performance ... - NVIDIA …,https://nvidianews.nvidia.com/news/nvidia-delivers-quantum-leap-in-performance-introduces-new-era-of-neural-rendering-with-geforce-rtx-40-series,"Sep 20, 2022 · NVIDIA today unveiled the GeForce RTX ® 40 Series of GPUs, designed to deliver revolutionary performance for gamers and creators, led by its new flagship, the RTX …"
Download The Official NVIDIA Drivers | NVIDIA,https://www.nvidia.com/en-us/drivers/,Download the latest official NVIDIA drivers to enhance your PC gaming experience and run apps faster.
Official GeForce Drivers | NVIDIA,https://www.nvidia.com/en-us/geforce/drivers/,"Nov 12, 2019 · Whether you are playing the hottest new games or working with the latest creative applications, NVIDIA drivers are custom tailored to provide the best possible experience."
World Leader in Artificial Intelligence Computing | NVIDIA,https://www.nvidia.com/en-us/,"NVIDIA GeForce RTX™ powers the world’s fastest GPUs and the ultimate platform for gamers and creators. Enjoy beautiful ray tracing, AI-powered DLSS, and much more in games and …"
Download NVIDIA App for Gamers and Creators | NVIDIA,https://www.nvidia.com/en-us/software/nvidia-app/,The NVIDIA App is the essential companion for PC gamers and creators. Keep your PC up to date with the latest NVIDIA drivers and technology. Optimize games and applications with a …
Nvidia - Wikipedia,https://en.wikipedia.org/wiki/Nvidia,"Nvidia Corporation[a] (/ ɛnˈvɪdiə / en-VID-ee-ə) is an American multinational corporation and technology company headquartered in Santa Clara, California, and incorporated in Delaware. [5]"
"NVIDIA GeForce Graphics Cards, Gaming Laptops, Desktop and …",https://marketplace.nvidia.com/en-ca/consumer/graphics-cards/,"Show NVIDIA GeForce graphics cards, gaming laptops, desktop and monitor from the official NVIDIA GeForce store - Canada. Know more about GeForce RTX 40 series GPUs."
NVIDIA Announces DGX Spark and DGX Station Personal AI …,https://nvidianews.nvidia.com/news/nvidia-announces-dgx-spark-and-dgx-station-personal-ai-computers,"Mar 18, 2025 · DGX Spark — formerly Project DIGITS — and DGX Station™, a new high-performance NVIDIA Grace Blackwell desktop supercomputer powered by the NVIDIA …"
"NVIDIA App Update Adds Project G-Assist, DLSS Super Resolution …",https://www.nvidia.com/en-us/geforce/news/nvidia-app-update-g-assist-new-dlss-override-and-more/,"2 days ago · In a new NVIDIA app update that’s available now, we’ve expanded the functionality of our DLSS overrides, enabling you to fine tune image quality or boost performance for DLSS …"
NVIDIA Blackwell GeForce RTX 50 Series Opens New ... - NVIDIA …,https://nvidianews.nvidia.com/news/nvidia-blackwell-geforce-rtx-50-series-opens-new-world-of-ai-computer-graphics,"Jan 6, 2025 · NVIDIA today unveiled the most advanced consumer GPUs for gamers, creators and developers — the GeForce RTX™ 50 Series Desktop and Laptop GPUs."
NVIDIA Delivers Quantum Leap in Performance ... - NVIDIA …,https://nvidianews.nvidia.com/news/nvidia-delivers-quantum-leap-in-performance-introduces-new-era-of-neural-rendering-with-geforce-rtx-40-series,"Sep 20, 2022 · NVIDIA today unveiled the GeForce RTX ® 40 Series of GPUs, designed to deliver revolutionary performance for gamers and creators, led by its new flagship, the RTX …"
Download The Official NVIDIA Drivers | NVIDIA,https://www.nvidia.com/en-us/drivers/,Download the latest official NVIDIA drivers to enhance your PC gaming experience and run apps faster.
Official GeForce Drivers | NVIDIA,https://www.nvidia.com/en-us/geforce/drivers/,"Nov 12, 2019 · Whether you are playing the hottest new games or working with the latest creative applications, NVIDIA drivers are custom tailored to provide the best possible experience."
World Leader in Artificial Intelligence Computing | NVIDIA,https://www.nvidia.com/en-us/,"NVIDIA GeForce RTX™ powers the world’s fastest GPUs and the ultimate platform for gamers and creators. Enjoy beautiful ray tracing, AI-powered DLSS, and much more in games and …"
Download NVIDIA App for Gamers and Creators | NVIDIA,https://www.nvidia.com/en-us/software/nvidia-app/,"The NVIDIA App is the essential companion for PC gamers and creators. Keep your PC up to date with the latest NVIDIA drivers and technology. Optimize games and applications with a new unified GPU control center, capture your favorite moments with powerful recording tools through the in-game overlay, and discover the latest NVIDIA tools and ..."
Nvidia - Wikipedia,https://en.wikipedia.org/wiki/Nvidia,"Nvidia Corporation[a] (/ ɛnˈvɪdiə / en-VID-ee-ə) is an American multinational corporation and technology company headquartered in Santa Clara, California, and incorporated in Delaware. [5]"
"NVIDIA GeForce Graphics Cards, Gaming Laptops, Desktop and …",https://marketplace.nvidia.com/en-ca/consumer/graphics-cards/,"Show NVIDIA GeForce graphics cards, gaming laptops, desktop and monitor from the official NVIDIA GeForce store - Canada. Know more about GeForce RTX 40 series GPUs."
NVIDIA Announces DGX Spark and DGX Station Personal AI …,https://nvidianews.nvidia.com/news/nvidia-announces-dgx-spark-and-dgx-station-personal-ai-computers,"Mar 18, 2025 · DGX Spark — formerly Project DIGITS — and DGX Station™, a new high-performance NVIDIA Grace Blackwell desktop supercomputer powered by the NVIDIA Blackwell Ultra platform, enable AI developers, researchers, data scientists and students to prototype, fine-tune and inference large models on desktops."
"NVIDIA App Update Adds Project G-Assist, DLSS Super Resolution …",https://www.nvidia.com/en-us/geforce/news/nvidia-app-update-g-assist-new-dlss-override-and-more/,"2 days ago · In a new NVIDIA app update that’s available now, we’ve expanded the functionality of our DLSS overrides, enabling you to fine tune image quality or boost performance for DLSS Super Resolution."
NVIDIA Blackwell GeForce RTX 50 Series Opens New ... - NVIDIA …,https://nvidianews.nvidia.com/news/nvidia-blackwell-geforce-rtx-50-series-opens-new-world-of-ai-computer-graphics,"Jan 6, 2025 · NVIDIA today unveiled the most advanced consumer GPUs for gamers, creators and developers — the GeForce RTX™ 50 Series Desktop and Laptop GPUs."
NVIDIA Delivers Quantum Leap in Performance ... - NVIDIA …,https://nvidianews.nvidia.com/news/nvidia-delivers-quantum-leap-in-performance-introduces-new-era-of-neural-rendering-with-geforce-rtx-40-series,"Sep 20, 2022 · NVIDIA today unveiled the GeForce RTX ® 40 Series of GPUs, designed to deliver revolutionary performance for gamers and creators, led by its new flagship, the RTX 4090 GPU, with up to 4x the performance of its predecessor."
Download The Official NVIDIA Drivers | NVIDIA,https://www.nvidia.com/en-us/drivers/,Download the latest official NVIDIA drivers to enhance your PC gaming experience and run apps faster.
Official GeForce Drivers | NVIDIA,https://www.nvidia.com/en-us/geforce/drivers/,"Nov 12, 2019 · Whether you are playing the hottest new games or working with the latest creative applications, NVIDIA drivers are custom tailored to provide the best possible experience."
World Leader in Artificial Intelligence Computing | NVIDIA,https://www.nvidia.com/en-us/,"NVIDIA GeForce RTX™ powers the world’s fastest GPUs and the ultimate platform for gamers and creators. Enjoy beautiful ray tracing, AI-powered DLSS, and much more in games and …"
Download NVIDIA App for Gamers and Creators | NVIDIA,https://www.nvidia.com/en-us/software/nvidia-app/,"The NVIDIA App is the essential companion for PC gamers and creators. Keep your PC up to date with the latest NVIDIA drivers and technology. Optimize games and applications with a new unified GPU control center, capture your favorite moments with powerful recording tools through the in-game overlay, and discover the latest NVIDIA tools and ..."
Nvidia - Wikipedia,https://en.wikipedia.org/wiki/Nvidia,"Nvidia Corporation[a] (/ ɛnˈvɪdiə / en-VID-ee-ə) is an American multinational corporation and technology company headquartered in Santa Clara, California, and incorporated in Delaware. [5]"
"NVIDIA GeForce Graphics Cards, Gaming Laptops, Desktop and …",https://marketplace.nvidia.com/en-ca/consumer/graphics-cards/,"Show NVIDIA GeForce graphics cards, gaming laptops, desktop and monitor from the official NVIDIA GeForce store - Canada. Know more about GeForce RTX 40 series GPUs."
NVIDIA Announces DGX Spark and DGX Station Personal AI …,https://nvidianews.nvidia.com/news/nvidia-announces-dgx-spark-and-dgx-station-personal-ai-computers,"Mar 18, 2025 · DGX Spark — formerly Project DIGITS — and DGX Station™, a new high-performance NVIDIA Grace Blackwell desktop supercomputer powered by the NVIDIA Blackwell Ultra platform, enable AI developers, researchers, data scientists and students to prototype, fine-tune and inference large models on desktops."
"NVIDIA App Update Adds Project G-Assist, DLSS Super Resolution …",https://www.nvidia.com/en-us/geforce/news/nvidia-app-update-g-assist-new-dlss-override-and-more/,"2 days ago · In a new NVIDIA app update that’s available now, we’ve expanded the functionality of our DLSS overrides, enabling you to fine tune image quality or boost performance for DLSS Super Resolution."
NVIDIA Blackwell GeForce RTX 50 Series Opens New ... - NVIDIA …,https://nvidianews.nvidia.com/news/nvidia-blackwell-geforce-rtx-50-series-opens-new-world-of-ai-computer-graphics,"Jan 6, 2025 · NVIDIA today unveiled the most advanced consumer GPUs for gamers, creators and developers — the GeForce RTX™ 50 Series Desktop and Laptop GPUs."
NVIDIA Delivers Quantum Leap in Performance ... - NVIDIA …,https://nvidianews.nvidia.com/news/nvidia-delivers-quantum-leap-in-performance-introduces-new-era-of-neural-rendering-with-geforce-rtx-40-series,"Sep 20, 2022 · NVIDIA today unveiled the GeForce RTX ® 40 Series of GPUs, designed to deliver revolutionary performance for gamers and creators, led by its new flagship, the RTX 4090 GPU, with up to 4x the performance of its predecessor."
Download The Official NVIDIA Drivers | NVIDIA,https://www.nvidia.com/en-us/drivers/,Download the latest official NVIDIA drivers to enhance your PC gaming experience and run apps faster.
Official GeForce Drivers | NVIDIA,https://www.nvidia.com/en-us/geforce/drivers/,"Nov 12, 2019 · Whether you are playing the hottest new games or working with the latest creative applications, NVIDIA drivers are custom tailored to provide the best possible experience."
World Leader in Artificial Intelligence Computing | NVIDIA,https://www.nvidia.com/en-us/,"NVIDIA GeForce RTX™ powers the world’s fastest GPUs and the ultimate platform for gamers and creators. Enjoy beautiful ray tracing, AI-powered DLSS, and much more in games and …"
Download NVIDIA App for Gamers and Creators | NVIDIA,https://www.nvidia.com/en-us/software/nvidia-app/,"The NVIDIA App is the essential companion for PC gamers and creators. Keep your PC up to date with the latest NVIDIA drivers and technology. Optimize games and applications with a new unified GPU control center, capture your favorite moments with powerful recording tools through the in-game overlay, and discover the latest NVIDIA tools and ..."
Nvidia - Wikipedia,https://en.wikipedia.org/wiki/Nvidia,"Nvidia Corporation[a] (/ ɛnˈvɪdiə / en-VID-ee-ə) is an American multinational corporation and technology company headquartered in Santa Clara, California, and incorporated in Delaware. [5]"
"NVIDIA GeForce Graphics Cards, Gaming Laptops, Desktop and …",https://marketplace.nvidia.com/en-ca/consumer/graphics-cards/,"Show NVIDIA GeForce graphics cards, gaming laptops, desktop and monitor from the official NVIDIA GeForce store - Canada. Know more about GeForce RTX 40 series GPUs."
NVIDIA Announces DGX Spark and DGX Station Personal AI …,https://nvidianews.nvidia.com/news/nvidia-announces-dgx-spark-and-dgx-station-personal-ai-computers,"Mar 18, 2025 · DGX Spark — formerly Project DIGITS — and DGX Station™, a new high-performance NVIDIA Grace Blackwell desktop supercomputer powered by the NVIDIA Blackwell Ultra platform, enable AI developers, researchers, data scientists and students to prototype, fine-tune and inference large models on desktops."
"NVIDIA App Update Adds Project G-Assist, DLSS Super Resolution …",https://www.nvidia.com/en-us/geforce/news/nvidia-app-update-g-assist-new-dlss-override-and-more/,"2 days ago · In a new NVIDIA app update that’s available now, we’ve expanded the functionality of our DLSS overrides, enabling you to fine tune image quality or boost performance for DLSS Super Resolution."
NVIDIA Blackwell GeForce RTX 50 Series Opens New ... - NVIDIA …,https://nvidianews.nvidia.com/news/nvidia-blackwell-geforce-rtx-50-series-opens-new-world-of-ai-computer-graphics,"Jan 6, 2025 · NVIDIA today unveiled the most advanced consumer GPUs for gamers, creators and developers — the GeForce RTX™ 50 Series Desktop and Laptop GPUs."
NVIDIA Delivers Quantum Leap in Performance ... - NVIDIA …,https://nvidianews.nvidia.com/news/nvidia-delivers-quantum-leap-in-performance-introduces-new-era-of-neural-rendering-with-geforce-rtx-40-series,"Sep 20, 2022 · NVIDIA today unveiled the GeForce RTX ® 40 Series of GPUs, designed to deliver revolutionary performance for gamers and creators, led by its new flagship, the RTX 4090 GPU, with up to 4x the performance of its predecessor."
