topic_label,Reddit_Score,CNN_Score,Reddit_Std,CNN_Std,Reddit_Frequency,CNN_Frequency,Reddit_Negative,Reddit_Neutral,Reddit_Positive,CNN_Positive
"ai, revenue, corz",-0.11538461538461539,,0.47931575161222245,,13.0,,0.5384615384615384,0.15384615384615385,0.3076923076923077,
"market, high, stock",0.18333333333333335,,0.365604522218567,,6.0,,0.16666666666666666,0.0,0.8333333333333334,
"nvidia, stock, ai",0.16,,0.418206350650176,,30.0,,0.23333333333333334,0.0,0.7666666666666667,
"stock, company, intel",0.061538461538461535,,0.4587608728537542,,26.0,,0.34615384615384615,0.11538461538461539,0.5384615384615384,
"stock, growth, reddit",0.272,,0.4532475409015843,,25.0,,0.16,0.08,0.76,
"dlss, nvidia, app",,0.5,,0.0,,10.0,,,,1.0
"nvidia, dgx, station",,0.7100000000000001,,0.1209610637658599,,20.0,,,,1.0
"nvidia, geforce, driver",,0.5816666666666667,,0.12688132272520325,,60.0,,,,1.0
"nvidia, rtx, gpu",,0.58,,0.07888106377466153,,10.0,,,,1.0
