topic_label,Reddit_Negative,Reddit_Neutral,Reddit_Positive,CNN_Positive
"ai, revenue, corz",0.5384615384615384,0.15384615384615385,0.3076923076923077,
"market, high, stock",0.16666666666666666,0.0,0.8333333333333334,
"nvidia, stock, ai",0.23333333333333334,0.0,0.7666666666666667,
"stock, company, intel",0.34615384615384615,0.11538461538461539,0.5384615384615384,
"stock, growth, reddit",0.16,0.08,0.76,
"dlss, nvidia, app",,,,1.0
"nvidia, dgx, station",,,,1.0
"nvidia, geforce, driver",,,,1.0
"nvidia, rtx, gpu",,,,1.0
